"id","name"
1,Greg Kriek
2,Daniel Bell
3,Jack Monaghan
4,Diveen Henry
5,Nicole Beharie
6,Scott Mooney
7,Mikkie-Dene Le Roux
8,Chloe Pirrie
9,Andrew Gower
10,Che Watson
11,Letitia Wright
12,Rakie Ayola
13,Patrick Toomey
14,Jimmi Simpson
15,Turlough Convery
16,Jeffrey Davenport
17,Douglas Hodge
18,Simon Nock
19,Billie Sturrock Kewish
20,David Fynn
21,Phoebe Fox
22,Sarah Ridgeway
23,Conrad Khan
24,Glenn Hanning
25,Rory Kinnear
26,Avi Nash
27,Allen Leech
28,Beatrice Robertson-Jones
29,Russell Barnett
30,Yoojin Lee
31,Bruce Chong
32,Matt Forde
33,Richard Ayoade
34,Mackenzie Davis
35,Nick Holder
36,Jared Goldstein
37,Hilary Connell
38,Deon Lotz
39,Robbie Tann
40,Carlos Pinder
41,Kavé Niku
42,Vinette Robinson
43,Marama Corlett
44,Michael Cera
45,Johann Myers
46,Abubakar Salim
47,Liz May Brice
48,Crystal Clarke
49,Reon Smith Marshall
50,Abby Quinn
51,Gavin Stenhouse
52,Mary Beth Barone
53,Blessing Mamuesa
54,Samuel Valentine
55,Kadiff Kirwan
56,Rupert Everett
57,Jack Bandeira
58,Siân Davis
59,Leanne Best
60,Kaden Stephen
61,Daisy Haggard
62,Jake Davies
63,Madeline Brewer
64,Sarah Hoare
65,Daniel Ings
66,Camilla Power
67,Kenneth Collard
68,Marta Castellví
69,Alexandra Roach
70,Raymond McAnally
71,John Hannah
72,Rory Culkin
73,Nick Hendrix
74,Adelle Leonce
75,Daniel Tatarsky
76,Claire Keelan
77,Daniel Kendrick
78,Jerah Milligan
79,Ashley Thomas
80,Colin Moss
81,Jonathan Forbes
82,Edie Inksetter
83,James Howard
84,Roger Alborough
85,Jerome Flynn
86,Michael Shaeffer
87,Jimi Mistry
88,Salma Hayek
89,Duncan Pow
90,Ludi Lin
91,Patrick Kennedy
92,Alice Eve
93,Simon Connolly
94,Natalia Tena
95,Cristin Milioti
96,Amit Shah
97,Anna Dobrucki
98,Tim Delap
99,Simon Markey
100,Donald Sumpter
101,Owen Teague
102,Frances Sholto-Douglas
103,Myha'la Herrold
104,Alex Tamaro
105,Gugu Mbatha-Raw
106,Rebecca Newton
107,Paul Popplewell
108,Sukh Ojla
109,Aaron Paul
110,Kiran Sonia Sawar
111,Aniya Hodge
112,Joe Evans
113,Rebekah Staton
114,Robin Weaver
115,Matthew Burgess
116,Lindsay Duncan
117,Nicola Sloane
118,Yasha Jackson
119,Colin Michael Carmichael
120,Julian Rivett
121,Loreece Harrison
122,Indira Ainger
123,Auden Thornton
124,Michaela Coel
125,Lillie Mae Law
126,Steen Raskopoulos
127,Samuel Blenkin
128,Danielle Vitalis
129,Caitlin Innes Edwards
130,Abigail Thaw
131,Jennie Nielson
132,Austin Michael Young
133,Annabel Davis
134,Nick Ofield
135,Paul Braunstein
136,Max Harwood
137,Katherine Rose Morley
138,Sarah Beck Mather
139,Christina Chong
140,Alex Macqueen
141,Monique Cynthia Brown
142,Kemal Sylvester
143,Kirsty Wark
144,Ted Charette
145,Tom Cullen
146,Chetna Pandya
147,Raj Paul
148,Jonathan Arkwright
149,Gary Anthony Stennette
150,Andrew Roux
151,Tom Ashley
152,Dan Li
153,Emily Fairn
154,Jessica Neil
155,Alessa Gironi
156,Alan Ritchson
157,Emily Vere Nicoll
158,Clint Dyer
159,Olen Gunn
160,Ben Barnes
161,Marieta Sánchez
162,Jeffry Wickham
163,Andrea Riseborough
164,Tom Mulheron
165,Michael Webber
166,Nicky Torchia
167,Justin Edwards
168,Toby Oliver
169,Madison Davenport
170,Charlotte Longfield
171,Susannah Doyle
172,Joe Hughes
173,Daniel Kaluuya
174,Julia Davis
175,Amanda Warren
176,Faiza Shaheen
177,Steve Garti
178,Lucía Pemán
179,Alastair Mackenzie
180,Marcella Whittingdale
181,Jorge Cordova
182,Kelly Macdonald
183,Joseph Aumeer
184,Weruche Opia
185,Georgina Campbell
186,Jeremy Booth
187,Andrew Scott
188,Jan van der Black
189,James Richard Marshall
190,Alex Magliaro
191,Beth Robb Adams
192,Kayla Lorette
193,Joshua James
194,Laura Cairns
195,Jodie Whittaker
196,Lydia Wilson
197,Hammed Animashaun
198,Ivanno Jeremiah
199,Himesh Patel
200,Julio Perillán
201,Ed Gaughan
202,Ariane Labed
203,Nicholas Agnew
204,Maxine Peake
205,Anthony Welsh
206,Cherry Jones
207,Dominic Le Moignan
208,Demetri Goritsas
209,Kaleb Young
210,Paapa Essiedu
211,Anthony Mackie
212,Andrew Knott
213,Mirirai
214,Kate Mara
215,Billy Griffin Jr.
216,Michelle Giroux
217,Gina Bramhill
218,Rich Fulcher
219,Josh Hartnett
220,Jessica Brown Findlay
221,Stefán Örn Eggertsson
222,Bruce Mackinnon
223,Vicky Binns
224,Osy Ikhile
225,Charles Babalola
226,Benedict Wong
227,Kola Bokinni
228,Tom Goodman-Hill
229,Paul Kitson
230,Nathan Ohene Djan
231,Jenny Raven
232,Rosemarie DeWitt
233,Jaboukie Young-White
234,Michael Kelly
235,Nick Gillard
236,Frankie Wilson
237,Jamie Christofersen
238,Annie Murphy
239,James Eeles
240,Verity Marshall
241,Ziggy Heath
242,Dilja Imana
243,Dempsey Bryk
244,Ellen Robertson
245,Merce Ribot
246,Miley Cyrus
247,Clara Rugaard
248,Ólafía Hrönn Jónsdóttir
249,Quincy Dunn-Baker
250,Holli Dempsey
251,Jimmy Roye-Dunne
252,Daniel Rigby
253,Michael Birch
254,Charles Hagerty
255,Alisa Gashi
256,Domhnall Gleeson
257,Rasmus Hardiker
258,Jamie Michie
259,Katherine Kingsley
260,Alex Lawther
261,Martin Munro
262,David Shields
263,Bryce Dallas Howard
264,Wyatt Russell
265,Flora Nicholson
266,Claire Rushbrook
267,Monica Dolan
268,Clayton Evertson
269,Bethan Nash
270,David Ajala
271,Lenora Crichlow
272,Wolf Wasserman
273,Alice Bailey Johnson
274,Muzz Khan
275,Jesse Plemons
276,Susannah Fielding
277,Sope Dirisu
278,Milanka Brooks
279,Ken Yamamura
280,Mona Goodwin
281,Matt Baram
282,Hayley Considine
283,Mark McKerracher
284,Thomas Thoroe
285,Jay Simpson
286,Marceline Hugot
287,Cheryl Anderson
288,Shaun Dooley
289,George Blagden
290,Lisa Michelle Cornelius
291,Michael Bott
292,Laura Power
293,Nicholas Campbell
294,Pip Torrens
295,Tim Pritchett
296,Aldis Hodge
297,Lewelyn Van Den Berg
298,Tessa Wong
299,Ian Attard
300,McKell David
301,Tosh Robertson
302,Matt Stokoe
303,Rafe Spall
304,Billy Magnussen
305,Brenna Harding
306,Susan Pourfar
307,Grainne Keenan
308,Ben Miles
309,Gwyneth Keyworth
310,Raphael Sowole
311,Amber Anderson
312,Madeleine Bowyer
313,Ntokozo Majozi
314,Maggie Bain
315,Nambitha Ben-Mazwi
316,Tuppence Middleton
317,Rob Delaney
318,Joe Armstrong
319,Daniel Portman
320,Georgina Rich
321,Magnus Robertson-Jones
322,Bea Segura
323,Charlie Fidelski
324,Nicholas Burns
325,Nick Bartlett
326,Luke Beattie
327,Joe Parker
328,Tom Crowhurst
329,Luke Manning
330,Imani Jackman
331,Angela Vint
332,Gavin Kean
333,Gareth Kane
334,James III
335,Cecilia Noble
336,Esther Hall
337,Jason Flemyng
338,Faye Marsay
339,Edward Upcott
340,Janie Booth
341,Edward J. Pepperell
342,Jordan Carlos
343,Caroline Martin
344,Leonie Elliott
345,Sigurður Sigurjónsson
346,Aruhan Galieva
347,Natasha Little
348,Kyros McGee
349,Ruibo Qian
350,Archie Rush
351,Fola Evans-Akingbola
352,James Lance
353,Jamie Royal
354,Savana Tardieu
355,Anthony Wise
356,Amy Beth Hayes
357,Denise Burse
358,Karl Collins
359,Gregor Firth
360,Hannah Steele
361,James P. Rees
362,Rhashan Stone
363,Angourie Rice
364,Éva Magyar
365,Guilherme Vallim
366,Kevin Otto
367,Damson Idris
368,Ellie White
369,Anita Anand
370,Ronica Sajnani
371,Dean Ashton
372,Elizabeth Berrington
373,Brian Law
374,Eduardo Mossri
375,Armin Karima
376,Matthew Aubrey
377,Jason Weinberg
378,Pom Klementieff
379,Jessie Cave
380,Beatrice Curnew
381,Esther Smith
382,Isabella Laughland
383,Ken Drury
384,Tobias Menzies
385,Imogen Daines
386,Eleanor Wyld
387,Luke Gomes
388,David Rysdahl
389,Babs Olusanmokun
390,Brian Pettifer
391,Sive Gubangxa
392,Calum Callaghan
393,Topher Grace
394,Lydia Cherry
395,Ioachim Ciobanu
396,Nicholas Pauling
397,James Norton
398,Paul Bazely
399,Daniel Lapaine
400,Hayley Atwell
401,August Muschett
402,Kerrie Hayes
403,Sophie Wu
404,Michael Smiley
405,Daniel Newton
406,Elizabeth Moynihan
407,Sarah Snook
408,Mujde Ipek
409,Leila Farzad
410,Clive Myrie
411,Shane Zaza
412,Yahya Abdul-Mateen II
413,Paul Gorvin
414,Amanda Drew
415,Paul G. Raymond
416,Jon Hamm
417,Sinead Matthews
418,Seun Shote
419,Zandile Madliwa
420,Mckayla Twiggs
421,Sophie Kennedy Clark
422,Jonny Cordingley
423,Jaimi Barbakoff
424,Toby Kebbell
425,Marc Menchaca
426,Louis Waymouth
427,Helen Fospero
428,Daniel Stewart Sherman
429,Aymen Hamdouchi
430,Wunmi Mosaku
431,Justin Munitz
432,Elisabeth Hopper
433,Jonas Karlsson
434,Anna Wilson-Jones
435,Adam McNamara
436,Corey Johnson
437,Joe Cole
438,Malachi Kirby
439,Ayo Edebiri
440,Mariam Haque
441,Thomas Dominique
442,Jeff Mash
443,Jackson Bews
444,Anjana Vasan
445,Sarah Abbott
446,Hannah John-Kamen
447,Oona Chaplin
448,Camirin Farmer
449,Zazie Beetz
450,Laura Morgan
451,Lolly Adefope
452,Danny Ramirez
453,Leanne Li
454,Ambreen Razia
455,Alex Britt
456,Mateusz Mirek
457,Adrian Lukis
458,Eugene O'Hare
459,Shazad Latif
460,James Larkin
461,Janet Montgomery
462,Zahra Ahmadi
463,Robin Pearce
464,Francis Magee
465,Elizabeth Chan
466,Laurel Lefkow
467,Sabryn Rock
468,Jane Bertish
469,Maya Gerber
470,Ian Bonar
471,Jeany Spark
